{
"lengthUnit": "mil",
"components": {
	"fields": ["COMPONENT_NO", "COMPONENT_NAME", "LAYER", "X_COORDINATE", "Y_COORDINATE", "ANGLE"],
	"rows": [
		[1, "LED1", "T", 5820, 6280, 0],
		[2, "LED2", "T", 5820, 5985, 0],
		[3, "U1", "T", 5205, 6100, 0],
		[4, "U2", "B", 5900, 6420, 180],
		[5, "U2N1", "B", 5905, 6125, 180],
		[6, "PAD1", "T", 5725, 6645, 0],
		[7, "PAD2", "T", 5842.5, 6645, 0],
		[8, "PAD3", "T", 5960, 6645, 0],
		[9, "PAD4", "B", 5245, 6645, 0],
		[10, "PAD5", "B", 5385, 6645, 0],
		[11, "PAD6", "T", 5865, 3005, 0],
		[12, "PAD7", "T", 5710.83, 3005, 0],
		[13, "PAD8", "T", 5556.66, 3005, 0],
		[14, "PAD9", "T", 5135.92, 3005, 0],
		[15, "PAD10", "T", 4969.99, 3005, 0],
		[16, "PAD11", "T", 5000, 3695, 0],
		[17, "PAD11", "B", 5000, 3695, 0],
		[18, "PAD12", "T", 5120, 3695, 0],
		[19, "PAD12", "B", 5120, 3695, 0],
		[20, "PAD13", "T", 5210, 4680, 0],
		[21, "PAD13", "B", 5210, 4680, 0],
		[22, "PAD14", "T", 5100, 4680, 0],
		[23, "PAD14", "B", 5100, 4680, 0],
		[24, "PAD15", "T", 4895, 4680, 0],
		[25, "PAD15", "B", 4895, 4680, 0],
		[26, "PAD16", "T", 5855, 5550, 0],
		[27, "PAD17", "T", 5855, 5405.24, 0],
		[28, "PAD18", "T", 5855, 5260.48, 0],
		[29, "PAD19", "T", 5862.5, 4850, 0],
		[30, "PAD20", "T", 5862.5, 4701.67, 0],
		[31, "PAD21", "T", 5862.5, 4553.33, 0],
		[32, "PAD22", "T", 5862.5, 4405, 0],
		[33, "PAD23", "B", 5205, 5525, 0],
		[34, "PAD24", "B", 5500, 5525, 0],
		[35, "PAD25", "B", 5205, 5120, 0],
		[36, "PAD26", "B", 5500, 5120, 0],
		[37, "PAD27", "B", 5200, 6010, 0],
		[38, "PAD28", "B", 5365, 6010, 0]
	]
},
"pins": {
	"fields": ["PIN_NO", "PIN_NAME", "PIN_X", "PIN_Y", "LAYER", "PIN_TYPE", "NET_NAME", "NET_TYPE", "PAD_SHAPE", "PAD_SIZEX", "PAD_SIZEY", "HOLE_SIZE", "PAD_ANGLE"],
	"rows": [
		[1, "LED1_1", 5760, 6280, "T", "SMD", "LED1_1", "", "R", 59.05, 102.36, 0, 0],
		[2, "LED1_2", 5880, 6280, "T", "SMD", "GND", "GND", "R", 59.05, 102.36, 0, 0],
		[3, "LED2_1", 5760, 5985, "T", "SMD", "LED2_1", "", "R", 59.05, 102.36, 0, 0],
		[4, "LED2_2", 5880, 5985, "T", "SMD", "GNDD", "", "R", 59.05, 102.36, 0, 0],
		[5, "U1_1", 4862.49, 6452.96, "T", "SMD", "GND", "GND", "R", 94.49, 35.43, 0, 0],
		[6, "U1_2", 4862.49, 6402.96, "T", "SMD", "VDD", "", "R", 94.49, 35.43, 0, 0],
		[7, "U1_3", 4862.49, 6352.96, "T", "SMD", "U1_3", "", "R", 94.49, 35.43, 0, 0],
		[8, "U1_4", 4862.49, 6302.96, "T", "SMD", "U1_4", "", "R", 94.49, 35.43, 0, 0],
		[9, "U1_5", 4862.49, 6252.96, "T", "SMD", "U1_5", "", "R", 94.49, 35.43, 0, 0],
		[10, "U1_6", 4862.49, 6202.96, "T", "SMD", "SUN", "", "R", 94.49, 35.43, 0, 0],
		[11, "U1_7", 4862.49, 6152.96, "T", "SMD", "TRS", "", "R", 94.49, 35.43, 0, 0],
		[12, "U1_8", 4862.49, 6102.96, "T", "SMD", "LM35", "", "R", 94.49, 35.43, 0, 0],
		[13, "U1_9", 4862.49, 6052.96, "T", "SMD", "SCL", "", "R", 94.49, 35.43, 0, 0],
		[14, "U1_10", 4862.49, 6002.96, "T", "SMD", "SDA", "", "R", 94.49, 35.43, 0, 0],
		[15, "U1_11", 4862.49, 5952.96, "T", "SMD", "U1_11", "", "R", 94.49, 35.43, 0, 0],
		[16, "U1_12", 4862.49, 5902.96, "T", "SMD", "U1_12", "", "R", 94.49, 35.43, 0, 0],
		[17, "U1_13", 4862.49, 5852.96, "T", "SMD", "U1_13", "", "R", 94.49, 35.43, 0, 0],
		[18, "U1_14", 4862.49, 5802.96, "T", "SMD", "U1_14", "", "R", 94.49, 35.43, 0, 0],
		[19, "U1_15", 4980, 5747.04, "T", "SMD", "U1_15", "", "R", 94.49, 35.43, 0, 270],
		[20, "U1_16", 5030, 5747.04, "T", "SMD", "U1_16", "", "R", 94.49, 35.43, 0, 270],
		[21, "U1_17", 5080, 5747.04, "T", "SMD", "U1_17", "", "R", 94.49, 35.43, 0, 270],
		[22, "U1_18", 5130, 5747.04, "T", "SMD", "U1_18", "", "R", 94.49, 35.43, 0, 270],
		[23, "U1_19", 5180, 5747.04, "T", "SMD", "U1_19", "", "R", 94.49, 35.43, 0, 270],
		[24, "U1_20", 5230, 5747.05, "T", "SMD", "U1_20", "", "R", 94.49, 35.43, 0, 270],
		[25, "U1_21", 5280, 5747.05, "T", "SMD", "U1_21", "", "R", 94.49, 35.43, 0, 270],
		[26, "U1_22", 5330, 5747.05, "T", "SMD", "U1_22", "", "R", 94.49, 35.43, 0, 270],
		[27, "U1_23", 5380, 5747.05, "T", "SMD", "U1_23", "", "R", 94.49, 35.43, 0, 270],
		[28, "U1_24", 5430, 5747.05, "T", "SMD", "U1_24", "", "R", 94.49, 35.43, 0, 270],
		[29, "U1_25", 5547.51, 5802.96, "T", "SMD", "U1_25", "", "R", 94.49, 35.43, 0, 0],
		[30, "U1_26", 5547.51, 5852.96, "T", "SMD", "DHT11", "", "R", 94.49, 35.43, 0, 0],
		[31, "U1_27", 5547.51, 5902.96, "T", "SMD", "U1_27", "", "R", 94.49, 35.43, 0, 0],
		[32, "U1_28", 5547.51, 5952.96, "T", "SMD", "U1_28", "", "R", 94.49, 35.43, 0, 0],
		[33, "U1_29", 5547.51, 6002.96, "T", "SMD", "U1_29", "", "R", 94.49, 35.43, 0, 0],
		[34, "U1_30", 5547.51, 6052.96, "T", "SMD", "U1_30", "", "R", 94.49, 35.43, 0, 0],
		[35, "U1_31", 5547.51, 6102.96, "T", "SMD", "U1_31", "", "R", 94.49, 35.43, 0, 0],
		[36, "U1_32", 5547.51, 6152.96, "T", "SMD", "U1_32", "", "R", 94.49, 35.43, 0, 0],
		[37, "U1_33", 5547.51, 6202.96, "T", "SMD", "U1_33", "", "R", 94.49, 35.43, 0, 0],
		[38, "U1_34", 5547.51, 6252.96, "T", "SMD", "U1_34", "", "R", 94.49, 35.43, 0, 0],
		[39, "U1_35", 5547.51, 6302.96, "T", "SMD", "U1_35", "", "R", 94.49, 35.43, 0, 0],
		[40, "U1_36", 5547.51, 6352.96, "T", "SMD", "U1_36", "", "R", 94.49, 35.43, 0, 0],
		[41, "U1_37", 5547.51, 6402.96, "T", "SMD", "U1_37", "", "R", 94.49, 35.43, 0, 0],
		[42, "U1_38", 5547.51, 6452.96, "T", "SMD", "GND", "GND", "R", 94.49, 35.43, 0, 0],
		[43, "U1_39", 5164.96, 6155.99, "T", "SMD", "GND", "GND", "R", 196.85, 196.85, 0, 0],
		[44, "U2_1", 5939.37, 6420, "B", "SMD", "VDD", "", "R", 44.59, 54.21, 0, 180],
		[45, "U2_2", 5860.63, 6420, "B", "SMD", "U2_2", "", "R", 44.59, 54.21, 0, 180],
		[46, "U2N1_1", 5944.37, 6125, "B", "SMD", "VCC", "", "R", 44.59, 54.21, 0, 180],
		[47, "U2N1_2", 5865.63, 6125, "B", "SMD", "U2N1_2", "", "R", 44.59, 54.21, 0, 180],
		[48, "PAD1_1", 5725, 6645, "T", "SMD", "SUN", "", "C", 60, 60, 0, 0],
		[49, "PAD2_40", 5842.5, 6645, "T", "SMD", "GND", "GND", "C", 60, 60, 0, 0],
		[50, "PAD3_41", 5960, 6645, "T", "SMD", "VDD", "", "C", 60, 60, 0, 0],
		[51, "PAD4_42", 5245, 6645, "B", "SMD", "SUN-", "", "C", 60, 60, 0, 0],
		[52, "PAD5_43", 5385, 6645, "B", "SMD", "SUN+", "", "C", 60, 60, 0, 0],
		[53, "PAD6_44", 5865, 3005, "T", "SMD", "VDD", "", "C", 60, 60, 0, 0],
		[54, "PAD7_45", 5710.83, 3005, "T", "SMD", "LM35", "", "C", 60, 60, 0, 0],
		[55, "PAD8_46", 5556.66, 3005, "T", "SMD", "GND", "GND", "C", 60, 60, 0, 0],
		[56, "PAD9_13", 5135.92, 3005, "T", "SMD", "13", "", "C", 60, 60, 0, 0],
		[57, "PAD10_48", 4969.99, 3005, "T", "SMD", "12", "", "C", 60, 60, 0, 0],
		[58, "PAD11_49", 5000, 3695, "T", "DIP", "12", "", "C", 60, 60, 36, 0],
		[59, "PAD11_49", 5000, 3695, "B", "DIP", "12", "", "C", 60, 60, 36, 0],
		[60, "PAD12_50", 5120, 3695, "T", "DIP", "13", "", "C", 60, 60, 36, 0],
		[61, "PAD12_50", 5120, 3695, "B", "DIP", "13", "", "C", 60, 60, 36, 0],
		[62, "PAD13_50", 5210, 4680, "T", "DIP", "VDD", "", "C", 60, 60, 36, 0],
		[63, "PAD13_50", 5210, 4680, "B", "DIP", "VDD", "", "C", 60, 60, 36, 0],
		[64, "PAD14_50", 5100, 4680, "T", "DIP", "GND", "GND", "C", 60, 60, 36, 0],
		[65, "PAD14_50", 5100, 4680, "B", "DIP", "GND", "GND", "C", 60, 60, 36, 0],
		[66, "PAD15_50", 4895, 4680, "T", "DIP", "TRS", "", "C", 60, 60, 36, 0],
		[67, "PAD15_50", 4895, 4680, "B", "DIP", "TRS", "", "C", 60, 60, 36, 0],
		[68, "PAD16_51", 5855, 5550, "T", "SMD", "VDD", "", "C", 60, 60, 0, 0],
		[69, "PAD17_52", 5855, 5405.24, "T", "SMD", "DHT11", "", "C", 60, 60, 0, 0],
		[70, "PAD18_53", 5855, 5260.48, "T", "SMD", "GND", "GND", "C", 60, 60, 0, 0],
		[71, "PAD19_54", 5862.5, 4850, "T", "SMD", "VCC", "", "C", 60, 60, 0, 0],
		[72, "PAD20_55", 5862.5, 4701.67, "T", "SMD", "GNDD", "", "C", 60, 60, 0, 0],
		[73, "PAD21_56", 5862.5, 4553.33, "T", "SMD", "SCL", "", "C", 60, 60, 0, 0],
		[74, "PAD22_57", 5862.5, 4405, "T", "SMD", "SDA", "", "C", 60, 60, 0, 0],
		[75, "PAD23_1", 5205, 5525, "B", "SMD", "VDD", "", "C", 114.17, 114.17, 0, 0],
		[76, "PAD24_2", 5500, 5525, "B", "SMD", "GND", "GND", "C", 114.17, 114.17, 0, 0],
		[77, "PAD25_1", 5205, 5120, "B", "SMD", "VCC", "", "C", 114.17, 114.17, 0, 0],
		[78, "PAD26_2", 5500, 5120, "B", "SMD", "GNDD", "", "C", 114.17, 114.17, 0, 0],
		[79, "PAD27_1", 5200, 6010, "B", "SMD", "SUN-", "", "C", 60, 60, 0, 0],
		[80, "PAD28_2", 5365, 6010, "B", "SMD", "SUN+", "", "C", 60, 60, 0, 0]
	]
}
}